Query,Clicks,Impressions,CTR,Position
vedantu,71926,167855,42.85%,1.01
ncert solutions for class 9 maths,30908,92412,33.45%,1.1
ncert solutions,24407,110659,22.06%,1.08
ncert solutions for class 10 maths,24313,72265,33.64%,1.01
ncert solutions for class 8 maths,14704,65852,22.33%,1.01
maths ncert solutions class 9,11363,29329,38.74%,1.07
class 11 maths ncert solutions,10753,27207,39.52%,1.01
ncert solutions for class 11 maths,10380,25991,39.94%,1.03
ncert solutions for class 7 maths,9625,31515,30.54%,1.05
maths ncert solutions class 11,9261,23582,39.27%,1
class 10 maths ncert solutions,9008,24395,36.93%,1.01
maths ncert solutions class 10,8255,27105,30.46%,1.01
ncert solution,8174,53229,15.36%,1.41
ncert solutions class 9 maths,8156,18983,42.96%,1.06
ncert solutions class 10 maths,8120,22195,36.58%,1.02
rs aggarwal class 8,7247,23160,31.29%,1.1
class 10 maths,7015,40076,17.5%,1.83
rs aggarwal solutions class 7,6880,24242,28.38%,1.14
class 9 maths,6801,35829,18.98%,1.83
rs aggarwal solutions class 8,6522,22100,29.51%,1.16
maths ncert solutions class 8,6351,18368,34.58%,1.01
ncert class 9 maths,6299,17475,36.05%,1.04
jee main 2020 question paper,6153,22168,27.76%,1.44
class 9 maths ncert solutions,6068,15609,38.88%,1.08
ncert solutions class 11 maths,5790,13514,42.84%,1.01
ncert maths class 9,5689,14811,38.41%,1.25
class 12 maths ncert solutions,5685,17898,31.76%,1.02
ncert solutions for class 9 science,5451,36726,14.84%,2.82
vedantu login,5376,7571,71.01%,1
maths ncert solutions class 12,5339,15437,34.59%,1.01
neet 2019 question paper,5313,9829,54.05%,1.01
jee mains 2020 question paper,5303,15089,35.14%,1.47
ncert class 9 maths solutions,5218,12794,40.78%,1.1
ncert class 10 maths,4985,14159,35.21%,1
class 8 maths,4965,24910,19.93%,1.26
hc verma solutions,4893,9143,53.52%,1.03
ncert solutions for class 6 maths,4879,15488,31.5%,1.05
ncert maths class 8,4769,14249,33.47%,1.11
ncert maths class 10,4465,12509,35.69%,1
ncert solutions for class 8 science,4457,38082,11.7%,2.72
ncert solutions class 12 maths,4372,12594,34.71%,1.02
maths ncert solutions class 7,4225,11407,37.04%,1.01
ncert solutions for class 12 maths,4200,14598,28.77%,1.04
mode formula,3959,30296,13.07%,1.12
neet 2019 paper,3939,6221,63.32%,1.01
trigonometry table,3915,85439,4.58%,1.15
rs aggarwal class 7,3822,18545,20.61%,1.12
ncert maths solution class 9,3697,9138,40.46%,1.01
ncert maths class 7,3637,11097,32.77%,1.02
ncert solutions class 10,3626,11331,32%,1.01
ncert solutions for class 9,3570,17479,20.42%,1.8
ncert class 8 maths,3484,12828,27.16%,1.11
hcv solutions,3438,5859,58.68%,1
maths class 10,3433,14838,23.14%,1.03
class 10 maths solution,3409,10411,32.74%,1.02
class 11 maths,3383,14371,23.54%,1.01
ncert maths solution class 10,3374,8962,37.65%,1.01
ncert class 10 maths solutions,3345,9861,33.92%,1.01
ncert class 11 maths solutions,3334,7513,44.38%,1.03
class 6 maths,3307,15083,21.93%,1.07
ncert class 10 maths solution,3290,8998,36.56%,1.02
rs aggarwal class 8 solutions,3286,9201,35.71%,1.19
surface area and volume class 9,3178,7052,45.07%,1.02
ncert solutions for class 7,3170,15792,20.07%,1.03
ncert class 7 maths,3140,10231,30.69%,1.01
class 7 maths,3087,18057,17.1%,1.34
ncert solutions for class 8 hindi,3082,12215,25.23%,1.49
maths class 9,3060,10308,29.69%,1.21
ex 13.1 class 10,3043,6039,50.39%,1.01
ncert solutions for class 10 science,3042,20501,14.84%,1.69
ncert solutions maths class 9,3018,7107,42.47%,1.05
cbse previous year question papers class 10,2991,9832,30.42%,1.03
jee main 2020 paper,2984,8328,35.83%,2.11
cbse sample paper,2982,47338,6.3%,4.25
right to equality,2979,20556,14.49%,1.04
class 9 maths ncert,2952,7795,37.87%,1.09
who is the education minister of india,2951,28567,10.33%,2.23
jee main question paper 2020,2913,9086,32.06%,1.75
ncert maths solution class 8,2825,8041,35.13%,1.03
ncert books,2792,138404,2.02%,6.38
rs aggarwal solutions class 9,2718,15515,17.52%,2.08
www.vedantu.com,2713,6471,41.93%,1
ncert solutions class 8 maths,2710,9887,27.41%,1.01
class 10 maths ncert,2681,7450,35.99%,1.01
ncert solutions for class 8,2663,16585,16.06%,1.03
ncert class 11 maths,2610,7137,36.57%,1.1
ncert solutions for class 9 english,2600,13344,19.48%,1.98
class 9 maths solution,2581,7107,36.32%,1.09
ncert exemplar class 10 maths,2550,7460,34.18%,1.02
ex 10.4 class 9,2542,4846,52.46%,1
ncert maths solutions class 9,2534,5926,42.76%,1.03
speech on child labour,2519,7072,35.62%,1.02
area of isosceles triangle,2514,29428,8.54%,4.4
ncert maths class 11,2513,6433,39.06%,1.04
class 9 maths solutions,2509,6815,36.82%,1.09
ncert class 6 maths,2507,8281,30.27%,1.37
ncert solutions class 7 maths,2482,6849,36.24%,1.01
jee mains question paper 2020,2447,6815,35.91%,1.4
limits and derivatives class 11,2434,5895,41.29%,1.03
ncert solutions for class 7 science,2432,17892,13.59%,2.6
class 9 science,2425,13854,17.5%,1.01
ncert maths solution class 7,2383,5575,42.74%,1.01
neet paper 2019,2381,4517,52.71%,1.04
ncert solutions for class 9 maths chapter 13,2351,16339,14.39%,2.93
ncert solution of maths class 10,2318,7950,29.16%,1.02
ncert solutions class 9 science,2316,7444,31.11%,1.81
ncert solutions for class 8 english,2314,13497,17.14%,1.92
ncert solution of maths class 11,2249,6156,36.53%,1.04
surface area and volume class 10,2222,6020,36.91%,1
ncert maths class 9 solutions,2190,7662,28.58%,1.55
circles class 9,2190,5185,42.24%,1.05
paragraph on pollution,2184,8061,27.09%,1.01
ex 10.5 class 9,2180,4057,53.73%,1
vedantu.com,2123,4526,46.91%,1
chemistry class 11 ncert solutions,2118,5378,39.38%,1.11
ex 13.1 class 9,2093,3854,54.31%,1
ex 9.3 class 9,2091,4148,50.41%,1.05
class 11 chemistry ncert solutions,2083,5982,34.82%,1.29
what is pollution,2081,58451,3.56%,8.42
rs aggarwal class 7 solutions,2073,6615,31.34%,1.04
ncert solution of maths class 9,2063,6163,33.47%,1.41
class 8 maths ncert solutions,2062,7053,29.24%,1
cbse class 10 maths question paper 2019,2061,5462,37.73%,1.01
class 10 science,2044,19926,10.26%,1.05
class 10 maths solutions,2037,7815,26.07%,1.42
maths class 11 ncert solutions,2032,4548,44.68%,1.02
previous year question paper class 10,2022,5419,37.31%,1
ncert solutions for class 10,2012,8753,22.99%,1.11
hc verma solution,2011,3900,51.56%,1.03
ncert maths class 10 solutions,2004,7165,27.97%,1.01
class 11 maths solutions,1995,5082,39.26%,1
ncert solutions class 11 chemistry,1978,4817,41.06%,1.02
beehive class 9,1965,4638,42.37%,1
neet question paper,1962,7563,25.94%,1.48
sample paper class 9 science,1945,7070,27.51%,1.33
ncert class 12 maths solutions,1934,6182,31.28%,1.04
ncert maths class 6,1911,7095,26.93%,1.32
maths ncert class 9,1908,4821,39.58%,1.13
class 7 maths ncert solutions,1905,4569,41.69%,1.02
carnot engine,1903,13026,14.61%,2.89
statistics class 11,1895,7142,26.53%,1.23
rs aggarwal solutions class 6,1884,5773,32.63%,1.01
ncert class 9,1883,8601,21.89%,1.02
jee main 2020 question paper with solution pdf download,1883,5219,36.08%,1.36
chemistry class 11,1874,12589,14.89%,1.11
number system,1867,45033,4.15%,1.94
ncert class 9 science,1858,7486,24.82%,1.08
ncert solution of maths class 12,1847,7967,23.18%,1.06
13.1 class 10,1821,3837,47.46%,1.15
previous year question paper,1819,18051,10.08%,1.22
ncert solutions class 10 science,1813,7564,23.97%,1.08
limits and derivatives class 11 ncert solutions,1810,3993,45.33%,1
ex 8.1 class 9,1796,3351,53.6%,1.06
rs aggarwal solutions class 10,1787,8605,20.77%,1.13
cbse previous year question papers class 10 maths,1771,5656,31.31%,1.01
straight lines class 11,1771,4108,43.11%,1.09
physics class 11,1766,11225,15.73%,1.12
cbse sample papers,1760,22929,7.68%,3.58
ncert solutions for class 9 english moments,1760,5769,30.51%,1
ncert solutions for class 8 maths chapter 11,1757,6975,25.19%,1.13
maths ncert class 10,1754,4961,35.36%,1.04
neet question paper 2019 pdf,1752,3959,44.25%,1.04
probability class 11,1743,4478,38.92%,1.12
class 8 science,1710,15327,11.16%,1.24
ncert solutions class 8 science,1709,6968,24.53%,1.1
ncert solutions for class 11 chemistry,1705,5261,32.41%,1.67
ncert solutions for class 8 english supplementary,1682,7373,22.81%,1.39
ncert exemplar class 10 science,1673,5316,31.47%,1.21
coordinate geometry class 10,1671,4536,36.84%,1.01
jee main 2020 question paper pdf,1667,5771,28.89%,2.38
ncert maths solutions class 11,1667,3612,46.15%,1.02
ncert maths solution class 12,1654,4847,34.12%,1.08
ncert solutions class 9,1653,4157,39.76%,1.03
vedantu class 9 maths,1644,2232,73.66%,1
ncert solutions class 6 maths,1639,4432,36.98%,1.03
ncert science class 9,1638,7198,22.76%,1.14
exercise 13.1 class 9,1630,3284,49.63%,1
neet question paper 2019,1625,5055,32.15%,1.02
class 7 science,1622,11279,14.38%,1.17
class 10 science notes,1620,17096,9.48%,2.24
ncert class 8 maths solutions,1619,5608,28.87%,1.01
ex 14.3 class 9,1611,3131,51.45%,1
ncert solutions class 12 chemistry,1599,5259,30.41%,1.21
exercise 13.1 class 10,1597,3319,48.12%,1.06
ncert class 8 science,1595,7996,19.95%,1.18
jee 2020 question paper,1593,4609,34.56%,2.46
ncert solutions maths class 11,1589,3564,44.58%,1.02
physics class 12,1573,16221,9.7%,1.05
math formula,1570,23610,6.65%,4.03
ncert solutions of class 9 maths,1570,4700,33.4%,1.09
exercise 10.4 class 9,1566,2934,53.37%,1
ncert science class 8,1560,7672,20.33%,1.06
class 6 maths ncert solutions,1550,3919,39.55%,1.04
chapter 13 maths class 10,1550,3153,49.16%,1.05
rs aggarwal class 6,1532,7518,20.38%,1.21
ncert solutions for class 9 hindi,1528,5519,27.69%,1.09
class 9 maths chapter 13,1526,7494,20.36%,2.57
sequence and series class 11,1512,3530,42.83%,1.14
vedantu class 9,1507,2547,59.17%,1
maths class 11,1501,4420,33.96%,1.04
jee mains 2020 paper,1500,4692,31.97%,2.95
class 11 physics ncert solutions,1494,3866,38.64%,1.17
chapter 12 maths class 10,1493,3096,48.22%,1
child labour speech,1483,4089,36.27%,1.01
maths class 12 ncert solutions,1481,4583,32.32%,1.03
limits and derivatives,1468,7434,19.75%,1.58
rd sharma class 10,1459,10610,13.75%,1.05
footprints without feet,1450,5797,25.01%,1.02
jee main paper 2020,1450,4269,33.97%,2.24
class 9 english,1442,7196,20.04%,1.11
science ncert solutions class 9,1442,3990,36.14%,1.57
class 9 ncert maths solution,1441,4389,32.83%,1.2
rd sharma class 11 solutions,1435,4513,31.8%,1.01
conic sections class 11,1433,3223,44.46%,1.03
class 11 physics notes,1430,5703,25.07%,1.21
13.1 class 9,1430,2890,49.48%,1.06
article on pollution,1428,6638,21.51%,2.51
ex 13.2 class 9,1426,2795,51.02%,1
jee main cut off 2020,1417,40971,3.46%,6.84
ncert maths solution class 11,1417,3232,43.84%,1.03
if i were you class 9 solutions,1415,2969,47.66%,1.07
ex 12.2 class 9,1412,2641,53.46%,1.03
the beggar class 9,1411,4866,29%,1.47
ncert maths class 11 solutions,1411,3591,39.29%,1.02
chemistry class 12,1408,15207,9.26%,1.08
class 8 maths chapter 11,1408,4193,33.58%,1.12
angular speed formula,1395,9483,14.71%,1.07
probability formulas,1387,21288,6.52%,4.89
class 12 maths,1386,6674,20.77%,1.13
trigonometry class 10,1381,5505,25.09%,1.06
ncert class 12 maths,1375,4909,28.01%,1.92
ncert class 9 math solution,1374,3861,35.59%,1.15
10.4 class 9,1371,2657,51.6%,1
statistics class 10,1364,5358,25.46%,1.37
what is disaster management,1360,11722,11.6%,5.43
cbse question paper for class 9 maths,1356,5483,24.73%,1.1
class 8 maths ncert,1352,3702,36.52%,1.14
ncert solutions for class 9 maths chapter 9,1346,3954,34.04%,1.07
icse sample papers for class 9 with answers,1337,9565,13.98%,2.64
science class 9,1337,6774,19.74%,1.02
class 9 science ncert solutions,1330,5800,22.93%,2.42
science class 10,1325,11963,11.08%,1.04
ncert maths solutions class 10,1325,3626,36.54%,1.05
maths class 10 ncert solutions,1321,3685,35.85%,1.05
rd sharma class 10 solutions,1319,5877,22.44%,1.77
ncert class 7 maths solutions,1300,3577,36.34%,1.01
ncert solutions for class 10 maths chapter 3,1294,7643,16.93%,1.03
bodmas rule,1291,43549,2.96%,4.97
statistics class 9,1291,4548,28.39%,1.09
sample paper,1288,34113,3.78%,1.29
hindi ncert solutions class 9,1286,3112,41.32%,1
ex 9.2 class 9,1282,2442,52.5%,1.08
ncert class 9 maths solution,1275,3654,34.89%,1.31
ncert solutions maths class 12,1274,3836,33.21%,1.08
ncert exemplar class 9 maths,1272,3547,35.86%,1
ncert solutions class 11 physics,1272,3098,41.06%,1.11
binomial theorem class 11,1269,3002,42.27%,1.02
exercise 9.3 class 9,1265,2643,47.86%,1.06
ncert solutions maths class 10,1264,3751,33.7%,1.04
maths class 9 ncert solutions,1263,2791,45.25%,1.06
maths class 8,1261,6901,18.27%,1.17
ncert solution class 10 maths,1259,4220,29.83%,1.02
ncert solutions for class 11 physics,1255,3436,36.53%,1.09
cbse previous year question papers class 10 science,1252,3559,35.18%,1.11
10.5 class 9,1252,2490,50.28%,1
vedantu class 10 maths,1250,2013,62.1%,1
mensuration class 8,1245,4912,25.35%,1.16
maths sample paper class 9,1245,4880,25.51%,1.56
ncert solution class 9 maths,1244,3979,31.26%,1.41
ex 13.1 class 11,1243,3073,40.45%,1.15
ncert exemplar,1241,23783,5.22%,3.16
class 6 science,1241,8932,13.89%,1.22
class 12 maths ncert,1241,4052,30.63%,1.07
ncert hindi class 8,1238,3627,34.13%,1.27
ncert maths class 8 solutions,1237,5219,23.7%,1.05
ncert science class 10,1231,4856,25.35%,1
class 10 ncert maths solution,1231,3611,34.09%,1.02
vedantu class 10,1231,3551,34.67%,1
maths,1230,103736,1.19%,5.57
class 11 physics,1227,8168,15.02%,1.05
ncert solution for class 8 maths,1223,5229,23.39%,1.01
exercise 14.3 class 9,1221,2607,46.84%,1
exercise 8.1 class 9,1221,2399,50.9%,1.11
maths ncert solutions class 6,1220,3010,40.53%,1.02
triangles class 10,1215,3869,31.4%,1.04
icse sample papers for class 10 2020 with answers,1214,4575,26.54%,1.31
class 12 maths solutions,1214,3950,30.73%,1.04
organic chemistry class 11,1210,8089,14.96%,1.37
ncert class 10,1210,5629,21.5%,1.03
vedantu careers,1210,1956,61.86%,1.02
class 10 ncert maths solutions,1207,3144,38.39%,1.02
ncert solutions for class 11,1198,5821,20.58%,1.02
cbse sample papers for class 10 2020 pdf with solutions,1192,32512,3.67%,7.69
maths ncert class 8,1190,3173,37.5%,1.16
ch 10 maths class 9,1188,2247,52.87%,1.01
trigonometric table,1186,28666,4.14%,1.2
ncert solution class 11 maths,1186,2797,42.4%,1.03
ncert class 10 science,1185,5504,21.53%,1.33
ncert,1184,188435,0.63%,8.08
importance of natural resources,1184,5249,22.56%,2.33
chapter 3 maths class 10,1183,2325,50.88%,1.11
class 9th maths,1177,5480,21.48%,1.22
lines and angles class 9,1175,2929,40.12%,1.34
rd sharma class 11,1174,5209,22.54%,1.01
ncert chemistry class 11 solutions,1172,3018,38.83%,1.15
science ncert class 9,1169,3269,35.76%,1.02
jee main 2020 paper download,1163,2983,38.99%,2.05
exercise 10.5 class 9,1163,2264,51.37%,1
class 12 chemistry ncert solutions,1160,5008,23.16%,2.04
ncert solution for class 9 maths,1159,3910,29.64%,1.1
13.2 class 9,1158,2428,47.69%,1.04
circles class 10,1156,3146,36.75%,1.49
hindi class 9,1154,3367,34.27%,1.05
neet 2018 question paper,1153,2463,46.81%,1.05
ch 12 maths class 10,1153,2367,48.71%,1
important questions for class 10 science pdf,1152,5160,22.33%,1.01
ncert math solution class 10,1152,3522,32.71%,1.01
physics ncert solutions class 11,1147,2558,44.84%,1
jee mains paper 2020,1144,3477,32.9%,2.37
neet 2020,1142,192553,0.59%,7.51
neet 2019 question paper with solutions pdf,1137,2458,46.26%,1.01
class 9 ncert maths solutions,1136,3073,36.97%,1.46
ncert english class 9,1127,3162,35.64%,1.21
moments class 9,1127,2772,40.66%,1.38
neet 2019 question paper pdf,1124,2044,54.99%,1.02
ncert solutions class 8 hindi,1122,3626,30.94%,1.24
class 9 english beehive,1120,3146,35.6%,1.02
branches of mathematics,1117,4473,24.97%,1.42
2019 neet question paper,1117,1869,59.76%,1.01
jee mains 2020 question paper pdf,1113,3830,29.06%,2.36
class 11 maths ncert,1113,3107,35.82%,1.03
ncert maths class 12 solutions,1111,3033,36.63%,1.06
ncert solutions for class 6 science,1106,8479,13.04%,2.78
cbse sample paper 2020,1103,54921,2.01%,7.31
rs aggarwal class 9,1100,7046,15.61%,1.63
ncert solutions for class 9 maths chapter 8,1097,3383,32.43%,1.03
hcv solution,1096,2004,54.69%,1
difference between blood and lymph,1092,4612,23.68%,1.01
ex 8.1 class 10,1092,2513,43.45%,1.15
class 10 maths chapter 13,1090,2550,42.75%,1.01
cbse previous year question papers class 10 pdf,1086,3526,30.8%,1.02
ncert physics class 11,1085,3704,29.29%,1.02
class 11 chemistry,1084,6107,17.75%,1.07
dna full form,1081,106418,1.02%,4.18
ncert solution for class 7 maths chapter 11,1080,5529,19.53%,1.38
jee mains 2019 question paper pdf,1079,4031,26.77%,1.05
chemistry class 12 ncert solutions,1070,4969,21.53%,2.17
ch 13 maths class 10,1070,2841,37.66%,1.74
ncert solutions for class 9 english beehive,1069,5243,20.39%,1.83
rs aggarwal class 9 solutions,1068,5288,20.2%,2.27
difference between concave and convex mirror,1063,5568,19.09%,1.54
public facilities,1062,6454,16.45%,1.41
exercise 13.2 class 9,1062,2193,48.43%,1
ncert maths class 12,1060,3839,27.61%,1.07
ncert solutions for class 9 maths chapter 10,1060,3090,34.3%,1.75
ncert solutions for class 9 social science,1055,3283,32.14%,1.5
rs aggarwal class 8 solution,1052,3496,30.09%,1.39
health and hygiene,1050,10567,9.94%,1.71
class 7 ncert maths solution,1046,2627,39.82%,1
ncert solutions for class 6,1045,6095,17.15%,1.2
class 11 chemistry notes,1038,5878,17.66%,1.23
ncert solutions class 9 english,1038,3614,28.72%,1.26
perimeter and area class 7,1038,2873,36.13%,1.03
ncert solution of maths class 8,1034,3531,29.28%,1.12
jee mains cut off 2020,1033,36562,2.83%,6.73
ncert solutions of class 11 maths,1033,2523,40.94%,1.04
ex 8.2 class 9,1033,2000,51.65%,1.05
construction class 9,1032,2959,34.88%,1.22
important questions for class 10 maths,1031,4151,24.84%,1
ncert solutions for class 10 maths chapter 8,1031,3943,26.15%,1.02
real numbers class 10,1029,2910,35.36%,1.01
exercise 13.1 class 11,1029,2330,44.16%,1.13
probability class 12,1024,4780,21.42%,1.09
ncert science book class 9,1024,3787,27.04%,1.13
arithmetic progression class 10,1021,3044,33.54%,1.01
ncert class 9 science solutions,1020,4132,24.69%,2.26
ncert maths solutions class 12,1015,2885,35.18%,1.09
class 10 ncert solutions,1013,3124,32.43%,1.03
jee mains 2020 paper download,1013,2698,37.55%,2.72
ncert math class 9,1011,2617,38.63%,1.02
class 12 maths syllabus,1010,3070,32.9%,1.06
cbse class 10 science question paper 2019 pdf,1010,2836,35.61%,1.09
ncert math solution class 9,1008,3153,31.97%,1.06
plant kingdom,1007,10897,9.24%,3.96
practical geometry class 6,1003,4410,22.74%,1.85
12.2 class 9,1003,1997,50.23%,1.13
ncert solutions of class 10 maths,1002,3908,25.64%,1.02
hindi ncert solutions class 8,999,2940,33.98%,1.04
class 7 maths ncert,997,2808,35.51%,1.02
metals and non metals,995,9881,10.07%,4.08
ncert science book class 8,992,3888,25.51%,1.17
ncert solutions of class 8 maths,991,3705,26.75%,1
maths solution class 10,990,3345,29.6%,1.02
ncert solutions maths class 8,986,2836,34.77%,1.01
jee main 2019 paper,985,2991,32.93%,1.23
ncert solutions for class 8 science chapter 18,983,2678,36.71%,1.15
important questions for class 10 science,982,3923,25.03%,1.02
jee main 2020 cut off marks,979,26802,3.65%,6.88
difference between plant cell and animal cell,979,13713,7.14%,4.89
business studies class 11,977,4523,21.6%,1.38
english ncert solutions class 9,976,2814,34.68%,1.17
ncert solution for class 7 maths,975,3261,29.9%,1.01
maths solution class 9,970,3400,28.53%,1.04
9.3 class 9,968,2220,43.6%,1.07
class 9 math solution,967,4108,23.54%,1.46
trigonometry class 11,965,2460,39.23%,1.02
physics class 11 ncert solutions,964,2418,39.87%,1.02
class 12 physics,963,7843,12.28%,1.07
ncert maths solutions class 8,961,2594,37.05%,1.08
class 9th maths ncert solutions,958,2447,39.15%,1.4
ncert maths 10,958,2268,42.24%,1
rd sharma,951,24323,3.91%,3.35
water conservation essay,950,5779,16.44%,3.14
ncert class 11 chemistry solutions,949,2371,40.03%,1.35
science sample paper class 9,947,2766,34.24%,1.22
ncert solutions for class 8 maths chapter 8,942,4453,21.15%,1.09
ncert solutions class 12 physics,941,2688,35.01%,1.22
pollution paragraph,940,3817,24.63%,1.03
class 9 science notes,939,6809,13.79%,1.95
cbse previous year question papers class 12,938,3521,26.64%,1.61
formula of mode,936,7601,12.31%,1.09
class 10 science ncert solutions,935,4534,20.62%,1.89
rd sharma solutions class 10,935,3619,25.84%,1.53
sample paper for class 9 english,925,5691,16.25%,1.4
hornbill class 11,924,3269,28.27%,1.25
organic chemistry class 11 notes,923,4429,20.84%,1.27
class 8 math,922,8316,11.09%,1.13
jee mains 2020 question paper with solutions,921,2482,37.11%,1.17
maths ncert class 11,919,2283,40.25%,1.05
convex mirror,917,23443,3.91%,3.06
biology class 12,917,6917,13.26%,1.05
cbse class 10 maths question paper 2018,916,4976,18.41%,1.05
exercise 12.2 class 9,915,1728,52.95%,1.03
class 9 maths chapter 10,913,2527,36.13%,1.09
neet previous year question paper,912,2855,31.94%,1.06
class 6 maths ncert,909,2709,33.55%,1.21
surface chemistry notes,905,2129,42.51%,1.01
rd sharma class 9,904,7603,11.89%,1.31
class 9 science solution,904,2499,36.17%,1.02
ncert solutions chemistry class 11,898,2074,43.3%,1.04
jee question paper 2020,897,2560,35.04%,1.4
ncert solutions for class 9 maths chapter 14,896,2410,37.18%,1.04
sample paper class 10,895,19150,4.67%,4.1
cbse class 9 maths,895,3140,28.5%,1.58
ncert physics class 11 solutions,895,2059,43.47%,1.01
ncert class 7 science,892,5693,15.67%,1.47
jee main rank predictor,891,10784,8.26%,7.64
maths ncert solutions,889,11959,7.43%,2.39
ncert exemplar class 10 maths pdf,889,2242,39.65%,1.08
14.3 class 9,889,1907,46.62%,1.02
ncert solution class 8 maths,884,3502,25.24%,1
class 10 maths chapter 1,881,3365,26.18%,1.02
cbse class 7 maths question paper 2019,881,2061,42.75%,1
ray optics class 12 notes,880,2236,39.36%,1.01
maths formulas,879,17896,4.91%,3.73
previous year question paper of class 10,873,2154,40.53%,1
ncert solutions for class 12,867,3941,22%,1.62
class 8 science ncert solutions,866,2390,36.23%,1.26
rs aggarwal solutions class 7 chapter 20,866,2325,37.25%,1
class 11 english,862,4427,19.47%,1.1
ncert solution for class 8 science,853,4079,20.91%,1.51
class 12 physics ncert solutions,852,3099,27.49%,1.21
ncert physics class 12,851,3972,21.42%,1.19
neet 2018 question paper with solutions pdf,848,1490,56.91%,1.11
right to freedom,847,13908,6.09%,5.23
sst sample paper class 9 2019,847,2709,31.27%,1.05
class 8 maths solutions,846,3215,26.31%,1.26
surface area and volume formulas class 10,844,2407,35.06%,1.04
ex 9.2 class 11,844,1956,43.15%,1.11
features of democracy,842,6032,13.96%,2.31
ncert solutions for class 7 maths chapter 11,842,3709,22.7%,1.71
ncert solutions of class 7 maths,842,2036,41.36%,1
ex 11.2 class 9,841,1727,48.7%,1.02
limits and derivatives class 11 solutions,840,2097,40.06%,1
ncert chemistry class 11,837,3811,21.96%,1.65
vedic maths tricks,836,3382,24.72%,1.04
vedantu notes,836,1240,67.42%,1
environment pollution paragraph,835,3732,22.37%,1.46
cbse syllabus,834,22235,3.75%,4.5
neet 2019 paper pdf,834,1570,53.12%,1.08
education minister of india,832,72335,1.15%,9.52
icse class 9 question papers pdf,831,4868,17.07%,1.91
science ncert class 8,831,3520,23.61%,1.19
ncert exemplar class 10 maths solutions,830,2656,31.25%,1.82
math class 10,829,5957,13.92%,1.2
hindi class 10,829,5286,15.68%,1.77
ncert maths solutions for class 9,829,2741,30.24%,1.64
sample paper for class 9 science,829,2195,37.77%,1.1
chapter 10 maths class 9,826,2141,38.58%,1.03
ncert class 9 english,825,2368,34.84%,1.02
polynomials class 10,824,2680,30.75%,1.54
ncert class 6 maths solutions,822,2600,31.62%,1.04
class 9 hindi,821,3077,26.68%,1.15
hsc physics question paper 2018 pdf,818,2176,37.59%,1.04
ncert solution for class 10 maths,817,2628,31.09%,1.09
area of isosceles triangle formula,816,4733,17.24%,3.37
math ncert solution class 9,815,3104,26.26%,1.17
ncert maths class 7 solutions,815,2189,37.23%,1.01
respiration in plants,814,14442,5.64%,3.13
science ncert solutions class 8,813,2984,27.25%,1.1
ex 11.1 class 11,811,1904,42.59%,1.06
class 8 ncert maths solution,810,2633,30.76%,1.01
snapshot class 11,807,2684,30.07%,1.01
ncert science class 7,803,6397,12.55%,1.67
ch 13 maths class 9,803,3009,26.69%,2.43
13.6 class 9,803,1874,42.85%,1.01
ncert chemistry class 11 pdf,801,3532,22.68%,2.06
ncert english class 8,801,3055,26.22%,1.58
ncert solutions for class 10 maths chapter 13,801,2191,36.56%,1.01
comparing quantities class 8,799,2261,35.34%,1.08
maths formula,798,15823,5.04%,3.78
ncert maths solution class 6,797,2251,35.41%,1.14
biology class 11,795,5065,15.7%,1.51
ray optics class 12,795,2397,33.17%,1.22
class 10 math solution,794,3105,25.57%,1.03
class 11 ncert maths solutions,794,1981,40.08%,1.03
ncert solutions for class 7 social science,793,5373,14.76%,1.99
class 9 science sample paper,792,2464,32.14%,1.35
exercise 9.2 class 9,792,1591,49.78%,1.13
maths ncert class 9 solutions,790,2027,38.97%,1.34
ncert hindi class 9,787,2004,39.27%,1.05
circles class 9 ncert solutions,786,1733,45.35%,1.32
if i were you,785,9922,7.91%,5.68
jee main 2020 question paper pdf download,784,3266,24%,2.6
class 9 maths chapter 9,784,1939,40.43%,1.02
ncert class 8 maths solution,781,2634,29.65%,1.13
social science cbse board question paper for class 9 2019,781,2100,37.19%,1.11
ncert class 6 science,779,4999,15.58%,1.29
ex 7.1 class 9,779,2016,38.64%,1.68
vedantu app,777,5925,13.11%,1.79
class 11 english snapshot,777,2399,32.39%,1.04
ncert class 8 science solution,777,2351,33.05%,1.12
ex 13.6 class 9,776,1703,45.57%,1
cbse previous year question papers,775,2930,26.45%,1.58
ex 13.3 class 9,775,1631,47.52%,1
molarity formula,773,40645,1.9%,1.25
english class 11,773,3390,22.8%,1.26
class 9 hindi ncert solutions,772,1963,39.33%,1.01
ncert solutions for class 10 maths chapter 6,771,3293,23.41%,1.1
sample paper of class 9 science,771,2257,34.16%,1.37
sample paper class 9 maths,768,3908,19.65%,1.54
ex 14.4 class 9,767,1405,54.59%,1
if i were you class 9,765,3127,24.46%,2.07
ex 10.3 class 9,765,1493,51.24%,1
vedantu.com login,764,1147,66.61%,1
triangles class 9,762,2072,36.78%,1.02
straight lines class 11 ncert solutions,760,1621,46.88%,1
ncert math solution class 8,759,2405,31.56%,1.07
chemistry ncert solutions class 11,759,1868,40.63%,1.04
vedantu class 11 maths,759,1026,73.98%,1
ncert solutions for class 8 science chapter 16,757,3486,21.72%,1.08
business studies class 12,756,4449,16.99%,1.04
probability class 12 ncert solutions,756,2287,33.06%,1
class 12 chemistry,755,5383,14.03%,1.03
ncert solutions science class 9,755,2109,35.8%,1.65
cbse question paper,754,4316,17.47%,2.08
chapter 9 maths class 9,754,1944,38.79%,1.05
permutation and combination class 11,754,1654,45.59%,1
class 6 math exercise 12.3 solution,752,2209,34.04%,1.14
chapter 13 maths class 9,750,3386,22.15%,2.42
ex 10.1 class 11,750,1767,42.44%,1.21
first flight class 10,749,3839,19.51%,1.45
ncert solutions class 9 hindi,748,1974,37.89%,1.09
class 10 maths chapter 12,748,1883,39.72%,1.13
rd sharma class 8,745,7843,9.5%,1.27
neet sample paper,745,2614,28.5%,1.4
hydrocarbons class 11 notes,744,4521,16.46%,2.05
ncert math class 8,744,2477,30.04%,1.13
ex 15.1 class 11,743,1911,38.88%,1.05
solution of maths class 10,742,2262,32.8%,1.02
ch 3 maths class 10,741,1780,41.63%,1.28
natural resources class 9,740,4837,15.3%,1.84
isi full form,737,40584,1.82%,3.1
sample paper of class 9,736,6689,11%,2.15
importance of fundamental rights,736,3212,22.91%,1.02
math class 9,735,4907,14.98%,1.32
ch 13 maths class 11,734,1469,49.97%,1.01
linear inequalities class 11,733,1567,46.78%,1
class 10th maths,731,3904,18.72%,1.11
ncert class 11 physics solutions,731,1856,39.39%,1.47
mean median mode formula,730,11027,6.62%,5.57
area related to circle class 10,730,1930,37.82%,1.05
ncert solutions for class 7 english,729,9427,7.73%,4.17
maths solutions class 11,729,1657,44%,1.07
surface charge density,727,5300,13.72%,2.07
english class 12,727,3922,18.54%,1.99
icse class 9 english language practice papers with answers,726,3000,24.2%,1.96
ncert solutions for class 8 social science,725,8032,9.03%,3.33
why do we need rights in a democracy,725,4256,17.03%,2.79
ncert solutions for class 12 chemistry,723,3748,19.29%,2.53
cbse previous year question paper,723,2371,30.49%,1.57
alimentary canal,722,45577,1.58%,7.89
ncert chemistry class 12 solutions,721,2424,29.74%,1.5
science class 8,720,5774,12.47%,1.13
13.3 class 9,720,1673,43.04%,1
ncert chemistry class 12,717,4329,16.56%,1.6
chapter 14 maths class 10,717,1854,38.67%,1
jee main 2019 question paper,715,2518,28.4%,1.08
ch 14 maths class 10,713,1576,45.24%,1
class 8 english,711,6373,11.16%,1.64
mathematics formula,710,10831,6.56%,4.41
speech on technology,710,2976,23.86%,2.71
class 9 maths ncert solution,708,2087,33.92%,1.44
ch 6 maths class 10,708,1977,35.81%,1.02
complex numbers class 11,708,1618,43.76%,1.04
normality formula,705,17089,4.13%,3.77
ncert math class 10,704,2240,31.43%,1.01
circle class 9,704,2020,34.85%,1.03
ncert solution class 8 science,702,3302,21.26%,1.3
previous year question papers class 10,702,2074,33.85%,1
vedantu .com,700,1325,52.83%,1
economics class 12,697,3929,17.74%,1.09
maths class 9 solutions,697,1861,37.45%,1.15
class 9 maths sample paper,695,3572,19.46%,1.17
ncert solutions for class 8 maths chapter 14,694,3805,18.24%,1.87
conic sections class 11 ncert solutions,694,1569,44.23%,1
chapter 8 maths class 9,694,1550,44.77%,1.04
rs aggarwal class 6 solution,692,2274,30.43%,1.06
2020 jee mains question paper,692,1943,35.62%,1.9
sample paper of science class 9,691,2140,32.29%,1.11
class 8 hindi,690,4502,15.33%,1.79
ncert chemistry class 12 pdf,690,3567,19.34%,2.09
ncert solutions for class 7 english an alien hand,690,1794,38.46%,1.01
ex 7.2 class 9,687,1261,54.48%,1.08
chemistry notes,686,5471,12.54%,3.41
ilate rule,686,4430,15.49%,1.06
ncert exemplar class 9 science,685,1959,34.97%,1.06
class 9 science sample paper 2020,684,2523,27.11%,2.52
beehive class 9 solutions,684,1984,34.48%,1.11
ncert class 7 maths solution,682,1793,38.04%,1.02
quadratic equation class 10,681,2395,28.43%,1.07
ncert science class 6,679,4270,15.9%,1.26
sound class 9,679,4126,16.46%,1.74
11.2 class 9,679,1347,50.41%,1.04
rs aggarwal class 7 solution,678,2699,25.12%,1.15
cbse class 10 maths question paper 2019 pdf,678,1891,35.85%,1.04
median formula,674,46358,1.45%,7.63
rank predictor,672,8700,7.72%,7.61
ex 13.8 class 9,671,1481,45.31%,1
ncert class 11 maths solution,671,1461,45.93%,1.03
physics class 12 notes,670,2638,25.4%,1.07
ex 13.2 class 11,670,1852,36.18%,1.37
exercise 13.6 class 9,670,1671,40.1%,1
previous year paper,669,4407,15.18%,1.03
sequence and series class 11 ncert solutions,668,1513,44.15%,1
moments class 9 solutions,668,1339,49.89%,1
vedantu class 11,667,1283,51.99%,1
rd sharma solutions class 11,666,2067,32.22%,1.09
ch 9 maths class 9,666,1393,47.81%,1.06
9th class math,665,4459,14.91%,1.16
gravitation class 11 notes,665,1873,35.5%,1.12
chapter 6 class 10 maths,665,1684,39.49%,1.07
cbse previous year question papers class 10 maths with solutions,664,1835,36.19%,1.03
class 9 ncert solutions maths,664,1642,40.44%,1.17
probability formula,663,22871,2.9%,7.32
ncert solutions for class 10 english footprints without feet,662,2189,30.24%,1.05
chemistry class 11 notes,661,3271,20.21%,1.38
practical geometry class 7,661,2290,28.86%,1.62
ch 4 maths class 10,661,1475,44.81%,1
rd sharma class 8 solutions,660,3745,17.62%,1.91
ncert class 10 math solution,658,1905,34.54%,1
ncert class 9 science solution,658,1863,35.32%,1.09
chapter 13 class 10 maths,658,1824,36.07%,1
jee main 2020 rank predictor,657,4012,16.38%,5.29
ncert solution class 12 maths,657,2267,28.98%,1.09
physics ncert solutions class 12,657,2066,31.8%,1.32
neet question paper 2018,657,1927,34.09%,1.02
ex 12.2 class 10,655,5954,11%,2
sample paper for class 9 maths,655,3705,17.68%,2.37
ncert class 12 chemistry solutions,655,2419,27.08%,2.08
ex 13.4 class 9,655,1420,46.13%,1
class 8th maths,654,2996,21.83%,1.03
ncert science solution class 9,654,1650,39.64%,1.18
sst sample paper class 9,653,2116,30.86%,1.81
ex 3.3 class 11,653,1704,38.32%,1.39
class 10 maths chapter 3,652,1668,39.09%,1.39
class 11 ncert solutions maths,651,1380,47.17%,1
ch 14 maths class 9,651,1321,49.28%,1.02
class 7 maths solutions,649,2336,27.78%,1.01
chapter 10 class 9 maths,649,1300,49.92%,1.07
displacement formula,648,25090,2.58%,5.23
probability class 10,648,3070,21.11%,1.29
wavelength of light,647,8024,8.06%,1.08
physics class 11 notes,647,2705,23.92%,1.43
ch 10 maths class 11,647,1397,46.31%,1.08
class 10 science solution,646,2576,25.08%,1.06
2019 neet paper,645,1021,63.17%,1.03
maths ncert class 11 solutions,644,1523,42.28%,1.05
exercise 15.1 class 11,644,1466,43.93%,1.08
advantages of friction,643,5382,11.95%,3.56
ncert solutions class 7 science,643,4695,13.7%,2.63
class 11 english ncert solutions,640,2327,27.5%,1.98
ncert math solution class 7,640,2026,31.59%,1.01
ncert maths solutions for class 10,639,1729,36.96%,1.04
class 9 maths chapter 8,639,1589,40.21%,1.26
organic chemistry class 11 ncert solutions,639,1416,45.13%,1.01
article on environment,638,2201,28.99%,2.77
ncert solutions physics class 11,638,1447,44.09%,1
class 10th maths ncert solutions,637,1942,32.8%,1.05
ex 13.5 class 9,637,1490,42.75%,1
chapter 14 maths class 9,636,1325,48%,1.03
construction class 10,635,5566,11.41%,2.9
class 8 science solution,634,2032,31.2%,1.12
ncert solutions of class 6 maths,634,1677,37.81%,1.02
ch 8 maths class 9,634,1248,50.8%,1.04
vedantu master class,634,938,67.59%,1
class 10 math,633,3562,17.77%,1.19
class 6 maths solutions,633,1729,36.61%,1.05
essay on water conservation,631,2509,25.15%,2.25
class 10 maths ncert solution,631,1983,31.82%,1.04
hsc english question paper 2018 solved pdf,631,1802,35.02%,1.03
class 8 science notes,630,3250,19.38%,1.02
equilibrium class 11,629,2280,27.59%,2.01
ncert solutions science class 8,629,1750,35.94%,1.22
ph full form,628,27954,2.25%,2.63
class 9 ncert solutions,628,2044,30.72%,1.68
ncert solution class 7 maths,627,1952,32.12%,1.01
cbse class 10 previous year question papers,627,1745,35.93%,1.02
area of rhombus,626,58470,1.07%,6.18
ncert exemplar solutions,625,2849,21.94%,1.37
ncert solutions for class 9th maths,625,2465,25.35%,1.85
ncert solution for class 6 maths,624,2166,28.81%,1.03
ex 13.7 class 9,624,1471,42.42%,1
exercise 8.2 class 9,624,1236,50.49%,1.08
flamingo class 12,623,2558,24.35%,1.65
probability class 11 ncert solutions,623,1403,44.4%,1
demerits of democracy,619,2006,30.86%,2.02
chapter 5 maths class 10,619,1882,32.89%,1.02
jee mains 2019 question paper,617,1921,32.12%,1.03
work and energy class 9,616,3825,16.1%,1.46
ncert solutions maths class 7,616,1569,39.26%,1.02
the accidental tourist class 9,615,4511,13.63%,3.23
8.1 class 9,615,1745,35.24%,1.6
surface areas and volumes class 9,615,1477,41.64%,1.01
neet mock test,612,3960,15.45%,2.17
ncert class 11 chemistry,612,2618,23.38%,1.43
sample paper for class 9,611,5645,10.82%,2.52
13.8 class 9,611,1520,40.2%,1.02
ex 12.3 class 10,610,6013,10.14%,2.32
9.2 class 9,610,1260,48.41%,1.05
hindi ncert class 8,609,1492,40.82%,1.27
ncert solutions for class 10 maths chapter 5,607,2154,28.18%,1.01
ncert solutions class 8,607,2118,28.66%,1.32
ncert solutions for class 9 sst,607,1947,31.18%,1.27
ex 11.1 class 9,607,1077,56.36%,1
ncert exemplar class 10,606,3591,16.88%,1.98
chapter 11 maths class 8,605,1704,35.5%,1.41
rs aggarwal class 8 exercise 20a,604,2047,29.51%,1.5
hc verma solutions pdf,604,1215,49.71%,1.06
ex 7.4 class 9,604,1055,57.25%,1
atoms and molecules class 9,603,3427,17.6%,2.21
ncert science solution class 8,603,1877,32.13%,1.19
previous year question paper of class 10 cbse,603,1375,43.85%,1.03
trigonometry formula,602,62373,0.97%,7.86
who is education minister of india,601,4324,13.9%,2.2
cbse class 12 previous year question papers with solutions pdf,601,2293,26.21%,1.3
ncert solutions for class 11 biology,601,2221,27.06%,1.92
jee main 2020 january question paper,601,1840,32.66%,2.52
vistas class 12,601,1692,35.52%,1.02
straight line class 11,600,1463,41.01%,1.51
class 12 chemistry notes,599,2729,21.95%,1.03
ex 6.1 class 9,599,1725,34.72%,2.09
exercise 11.2 class 9,599,1369,43.75%,1.03
chemistry in everyday life notes,598,2042,29.29%,1.62
linear equations in two variables class 10,598,1984,30.14%,1.15
probability class 9,597,2249,26.55%,1.05
cbse class 10 maths,597,2217,26.93%,1.04
ncert book,596,30681,1.94%,6
maths solutions class 10,596,2197,27.13%,1.03
surface area and volume class 10 ncert solutions,596,1586,37.58%,1.01
ex 10.2 class 10,595,5208,11.42%,2.03
ex 6.5 class 10,594,4855,12.23%,2.02
chapter 4 maths class 10,594,1519,39.1%,1.01
class 11 biology ncert solutions,593,2019,29.37%,1.17
previous year question papers,592,5468,10.83%,1.38
ncert exemplar class 11 maths,592,1608,36.82%,1.02
algebra formula,591,26785,2.21%,5.73
class 7 maths chapter 11,591,3378,17.5%,1.92
class 7th maths,591,3328,17.76%,1.02
chapter 13 maths class 11,591,1274,46.39%,1.09
factorisation class 8,590,2783,21.2%,1.3
cbse sample paper class 10,589,12258,4.81%,5.36
pmi class 11,589,1173,50.21%,1.02
cbse sample paper 2020 class 10,588,24877,2.36%,7.21
ex 8.4 class 10,588,6289,9.35%,2.35
ncert exemplar class 9 maths solutions,588,1438,40.89%,1.71
online tutoring jobs,587,8988,6.53%,7.98
ncert solutions for class 9 hindi kritika,587,2176,26.98%,1.05
maths solution class 8,587,2040,28.77%,1.03
sample paper class 8 maths 2019,586,2530,23.16%,1.62
ncert maths class 11 pdf,585,1996,29.31%,1.85
a pact with the sun,585,1762,33.2%,1.01
sample papers for class 9 science chapter wise,582,1469,39.62%,1
cbse sample paper class 10 2020,581,21780,2.67%,7.96
class 10 maths chapter 8,580,1368,42.4%,1.09
rs aggarwal class 10 solutions,579,3133,18.48%,1.97
neet sample paper pdf,579,1345,43.05%,1.77
class 11 biology notes,576,3001,19.19%,1.92
ncert solutions for class 8 history,576,2375,24.25%,1.52
cbse previous year question papers class 10 with solutions pdf,576,1935,29.77%,1
chemistry ncert solutions class 12,576,1894,30.41%,1.35
13.5 class 9,576,1406,40.97%,1.04
class 9 english moments,575,1879,30.6%,1
jee main rank predictor 2020,574,4161,13.79%,5.42
exponents and powers class 7,572,2565,22.3%,2.27
quadrilateral class 9,572,1483,38.57%,1.03
class 9 maths chapter 14,572,1455,39.31%,1.04
exercise 11.1 class 11,572,1258,45.47%,1.02
cbse board exam 2019 maths question paper class 10,571,1530,37.32%,1.06
physics class 12 ncert solutions,570,1864,30.58%,1.15
equilibrium class 11 notes,570,1826,31.22%,1.09
maths solution class 11,570,1482,38.46%,1.05
ncert solutions class 9th maths,569,1456,39.08%,1.18
r s aggarwal class 8,567,2111,26.86%,1.2
class 11th maths ncert solutions,567,1416,40.04%,1.05
class 9 science sample paper 2018,566,1877,30.15%,1.09
sample paper class 9,565,5275,10.71%,1.32
what are the advantages of sexual reproduction over asexual reproduction,565,3013,18.75%,2.93
ncert solution class 10,565,2262,24.98%,1.03
chapter 7 maths class 10,565,1517,37.24%,1.08
ncert solutions for class 12 maths chapter 7,564,3449,16.35%,1.08
difference between acute and chronic disease,564,2543,22.18%,2.33
neet 2019 question paper pdf download,564,1359,41.5%,1.04
ncert solutions for class 9 maths chapter 2,563,3004,18.74%,1.58
ch 10 maths class 10,562,1532,36.68%,1.13
maths ncert class 7,561,1385,40.51%,1.01
ncert maths solution,560,6090,9.2%,2.32
13.4 class 9,560,1354,41.36%,1
ncert solutions class 11,559,1569,35.63%,1.04
ncert class 8 english,558,2705,20.63%,1.14
class 8,557,20866,2.67%,2.3
class 8 maths solution,557,2365,23.55%,1.02
number system class 9,557,1440,38.68%,1.19
an alien hand,556,2243,24.79%,1.77
icse class 9 maths question papers with answers,556,1842,30.18%,1.03
ncert solutions of class 12 maths,556,1804,30.82%,1.05
ncert class 9 english solutions,556,1731,32.12%,1.68
exercise 13.8 class 9,555,1385,40.07%,1.01
convex lens,554,44340,1.25%,3.61
ncert class 8 hindi,554,2497,22.19%,1.7
sample paper of class 9 maths,554,2385,23.23%,2.17
ncert solution class 9,554,1890,29.31%,1.01
math ncert solution class 7,554,1570,35.29%,1
footprints without feet class 10 solutions,553,1581,34.98%,1.01
neet question paper pdf,553,1199,46.12%,1.11
class 10 english,551,7591,7.26%,1.46
redox reaction class 11 notes,551,2579,21.36%,1.32
ncert exemplar class 12 maths,551,2409,22.87%,1.1
class 10 maths chapter 6,551,1294,42.58%,1.01
sin cos table,550,15858,3.47%,1.36
sample paper of science for class 9 with solution,550,1861,29.55%,1.04
chapter 10 maths class 10,550,1683,32.68%,1.12
class 8 science chapter 18 question answer,550,1300,42.31%,1.14
vedantu maths class 10,550,832,66.11%,1
last year question paper,549,3543,15.5%,1.01
class 9 english sample paper,549,2114,25.97%,1.87
full form of ph,548,9480,5.78%,1.92
maths class 8 ncert solutions,548,1402,39.09%,1.01
vedantu class 9 science,548,804,68.16%,1
ex 6.3 class 10,547,5139,10.64%,2.1
class 9 ncert math solution,547,1708,32.03%,1.05
ratio and proportion class 6,546,3252,16.79%,1.19
physics class 12 syllabus,545,5733,9.51%,2.97
chapter 8 maths class 10,545,1552,35.12%,1.01
hsc chemistry question paper 2018 pdf,545,1409,38.68%,1.02
chapter 9 class 10 maths,545,1219,44.71%,1
class 9 maths 14.3 solutions,544,1528,35.6%,1.02
jee mains 2019 paper,544,1353,40.21%,1.05
environmental pollution essay in english 150 words,543,4225,12.85%,2.82
9th class maths solution,543,1776,30.57%,1.24
math ncert solution class 10,542,1780,30.45%,1.05
vedantu class 8,542,920,58.91%,1
class 12 ncert maths solutions,541,1599,33.83%,1.11
ncert solutions class 8 english,540,3159,17.09%,1.44
english class 9,540,2847,18.97%,1.27
10th maths solution,540,2315,23.33%,1.12
maths ncert class 12 solutions,540,1531,35.27%,1.15
exercise 14.4 class 9,540,1105,48.87%,1
exercise 13.3 class 9,539,1262,42.71%,1
vedantu ncert solutions,539,767,70.27%,1
sample papers for class 9 maths,537,2981,18.01%,1.64
surface area and volume class 9 ncert solutions,536,1448,37.02%,1.64
icse 2019 maths question paper solved,535,1318,40.59%,1.11
maths class 12,533,2969,17.95%,1.04
chapter 6 maths class 10,533,1782,29.91%,1.04
ncert solutions of science class 8,533,1716,31.06%,1.35
ncert geography class 6,532,1882,28.27%,1.01
class 10 science important questions,532,1592,33.42%,1.01
ex 9.3 class 11,530,1404,37.75%,1.23
maths formulas for class 10,529,2836,18.65%,1.08
states of matter class 11 notes,529,1895,27.92%,1.6
the beggar class 9 solutions,528,1367,38.62%,1.29
ex 14.2 class 10,528,1165,45.32%,1.03
sst class 9,527,3603,14.63%,1.01
chapter 6 maths class 9,527,1366,38.58%,1.13
vedantu class 8 maths,527,822,64.11%,1
vedantu maths class 9,527,681,77.39%,1
ncert solution of maths class 7,526,1646,31.96%,1.01
math ncert solution class 11,526,1207,43.58%,1.01
class 8 science chapter 16,525,2112,24.86%,1.09
jee main 2020 question papers,525,1823,28.8%,2.7
accountancy class 11,524,3562,14.71%,1.49
ncert solutions chemistry class 12,524,2130,24.6%,2.05
login to vedantu,524,598,87.63%,1
cut off jee mains 2020,523,18096,2.89%,6.91
class 10 hindi,523,3111,16.81%,1.76
polynomials class 9,523,1986,26.33%,1.97
exercise 9.2 class 11,523,1229,42.55%,1.07
area of equilateral triangle,522,77382,0.67%,6.45
all formulas of maths class 10,522,1434,36.4%,1.31
ncert solutions for class 8 english it so happened,521,2093,24.89%,1.42
class 12 english,520,3498,14.87%,1.94
7th class maths book solutions,520,3276,15.87%,1.02
ncert solutions for class 9 maths chapter 12,520,1875,27.73%,1.22
maths class 10 solutions,520,1750,29.71%,1.3
mathematical reasoning class 11,520,1303,39.91%,1.11
paragraph on corruption,520,1243,41.83%,1.05
ncert sol class 11 maths,520,1071,48.55%,1
ch 11 maths class 9,519,965,53.78%,1
13.7 class 9,518,1448,35.77%,1.18
all formulas of maths class 10 ncert,518,1282,40.41%,1.15
class 11 maths sample paper,518,1167,44.39%,1.03
ex 4.3 class 9,518,1004,51.59%,1.2
class 12 ncert maths solution,517,1784,28.98%,1.08
ncert solutions of maths class 9,517,1192,43.37%,1.06
14.4 class 9,517,1003,51.55%,1
jee main 2020,516,62110,0.83%,7.31
class 10,516,36058,1.43%,2.8
science class 10 notes,516,4229,12.2%,1.13
solution of maths class 9,516,1587,32.51%,1.18
bst class 11,516,1400,36.86%,1
ex 4.1 class 11,516,1236,41.75%,1.38
class 10 science board question paper 2018,515,2695,19.11%,1.43
ncert solutions for class 10 maths chapter 1,515,1654,31.14%,1.01
endemic species,514,24055,2.14%,4.13
ncert science class 9 solutions,514,2447,21.01%,2.45
maths solutions class 9,514,1642,31.3%,1.02
class 7 ncert maths,514,1431,35.92%,1
ap class 10,514,1251,41.09%,1
vedantu live class,514,829,62%,1
rank predictor jee main 2020,513,3438,14.92%,5.13
chemical kinetics notes,513,2377,21.58%,1.21
ncert math solution class 11,513,1124,45.64%,1
chapter 7 class 10 maths,513,1112,46.13%,1.02
9th class maths,512,5119,10%,1.68
ex 9.1 class 10,511,5080,10.06%,2.15
ncert 10 maths,511,2014,25.37%,1.22
cbse class 10 science question paper 2018 pdf,511,1764,28.97%,1
class 10 ncert solutions maths,511,1610,31.74%,1.06
vedantu. com,511,1024,49.9%,1
advantages of sexual reproduction over asexual reproduction,510,1921,26.55%,1.68
ncert solutions for class 7th maths,510,1772,28.78%,1.02
10th math solution,510,1659,30.74%,1.43
class 6 ncert maths,510,1635,31.19%,1.01
ch 7 maths class 10,510,1537,33.18%,1.9
ex 10.2 class 11,510,1402,36.38%,1.34
neet paper,509,2169,23.47%,1.47
ncert maths solutions for class 8,509,1656,30.74%,1.04
class 9,508,14725,3.45%,1.93
class 12 physics syllabus,508,8875,5.72%,4.3
structure of nucleus,508,6572,7.73%,1.52
exercise 8.1 class 10,507,1457,34.8%,1.49
ex13.1 class 10,507,939,53.99%,1.1
ncert exemplar class 10 maths pdf free download,506,1520,33.29%,1.12
honeydew class 8,506,1497,33.8%,1.13
ch 8 maths class 10,506,1390,36.4%,1.15
cbse class 10 sample paper,505,8415,6%,4.84
10th class math solution,505,1928,26.19%,1.3
ch 11 maths class 11,504,1064,47.37%,1.04
ncert solutions class 9 english moments,503,1232,40.83%,1
math class 8,502,3794,13.23%,1.26
class 9 math,502,2584,19.43%,1.19
ncert solutions for class 9 maths chapter 7,501,2275,22.02%,1.75
ncert solution class 9 science,501,1743,28.74%,1.26
chapter 9 class 9 maths,501,1446,34.65%,1.05
statistics class 11 ncert solutions,501,1273,39.36%,1.33
cbse class 8 maths,500,2795,17.89%,1.28
ch 5 maths class 10,500,1525,32.79%,1.02
jee mains 2020 cut off,499,15225,3.28%,6.94
difference between heat and temperature,499,12589,3.96%,6.52
english class 10,499,6283,7.94%,1.35
class 10 science board question paper 2019,499,2620,19.05%,2.01
ncert solutions for class 10th maths,499,1800,27.72%,1.01
ncert solutions for class 10 maths chapter 12,499,1412,35.34%,1
10.3 class 9,499,1020,48.92%,1
gravitation class 11,498,2946,16.9%,1.37
ncert class 7 maths book,498,1995,24.96%,1.11
english ncert class 9,498,1190,41.85%,1.03
chapter 10 maths class 11,498,1158,43.01%,1.16
cutoff of jee mains 2020,497,19389,2.56%,7.18
ex 13.3 class 10,497,4824,10.3%,2.14
statistics class 11 solutions,497,1122,44.3%,1.02
sample paper class 10 maths,496,9849,5.04%,3.14
ncert solutions for class 6 english,495,5148,9.62%,3.12
previous year question paper class 12,495,2464,20.09%,1.24
ncert economics class 9,494,1511,32.69%,1
maths class 11 solutions,494,1153,42.84%,1
uses of graphite,493,3720,13.25%,1.11
ncert solutions for class 10 maths chapter 4,492,1904,25.84%,1.03
exercise 13.5 class 9,492,1262,38.99%,1.13